Handle,Title,Body (HTML),Vendor,Standard Product Type,Custom Product Type,Tags,Published,Option1 Name,Option1 Value,Variant SKU,Variant Grams,Variant Inventory Tracker,Variant Inventory Qty,Variant Inventory Policy,Variant Fulfillment Service,Variant Price,Variant Compare At Price,Variant Requires Shipping,Variant Taxable,Image Src,Status
caja-24-velas-aromaticas-surtidas,Caja 24 Velas Aromáticas Surtidas en Frasco de Vidrio,"Velas aromáticas elaboradas con cera de soya natural e infundidas con aceites esenciales premium. Presentación mayorista en caja de 24 piezas surtidas en fragancias relajantes como Lavanda, Vainilla, Brisa Marina y Frutos Rojos.",Importaciones La Llamarada,Hogar,Hogar,"Hogar, Decoración, Velas, Mayoreo",TRUE,Title,Default Title,LL-HOG-001,1000,shopify,100,deny,manual,480.00,600.00,TRUE,TRUE,https://raw.githubusercontent.com/JorgeVexus/Importaciones-llamarada/main/assets/prod-candles.png,active
lote-12-lamparas-led-recargables,Lote 12 Lámparas LED Recargables de Noche con Sensor,"Lámparas nocturnas inteligentes con sensor de movimiento corporal y batería de litio recargable por USB. Ideales para pasillos, recámaras y closets. Paquete mayorista de 12 piezas.",Importaciones La Llamarada,Hogar,Hogar,"Hogar, Iluminación, Mayoreo",TRUE,Title,Default Title,LL-HOG-002,1000,shopify,100,deny,manual,660.00,800.00,TRUE,TRUE,https://raw.githubusercontent.com/JorgeVexus/Importaciones-llamarada/main/assets/new-more-2.png,active
caja-36-difusores-aroma-ultrasonicos,Caja 36 Difusores de Aroma Ultrasónicos USB Luz LED,Humidificadores y difusores de aroma silenciosos con capacidad de 300ml y secuencias de luz LED ambiental en 7 colores. Caja mayorista de 36 piezas surtidas.,Importaciones La Llamarada,Hogar,Hogar,"Hogar, Difusores, Mayoreo",TRUE,Title,Default Title,LL-HOG-003,1000,shopify,100,deny,manual,3060.00,3600.00,TRUE,TRUE,https://raw.githubusercontent.com/JorgeVexus/Importaciones-llamarada/main/assets/new-more-1.png,active
set-50-ganchos-terciopelo-antideslizantes,Set 50 Ganchos de Terciopelo Antideslizantes Ultra Delgados,Ganchos organizadores de ropa forrados en terciopelo suave que previene caídas y deforma de prendas. Gancho giratorio de cromo 360 grados. Paquete mayorista de 50 piezas.,Importaciones La Llamarada,Hogar,Hogar,"Hogar, Organización, Mayoreo",TRUE,Title,Default Title,LL-HOG-004,1000,shopify,100,deny,manual,225.00,300.00,TRUE,TRUE,https://raw.githubusercontent.com/JorgeVexus/Importaciones-llamarada/main/assets/new-trend-3.png,active
caja-50-squishies-surtidos-antiestres,Caja 50 Squishies Surtidos Anti-Estrés Figuras Kawaii,Colección mayorista de 50 juguetes sensoriales suavecitos y de lento retorno (slow rising) en formas de animalitos y postres kawaii. Empacados individualmente.,Importaciones La Llamarada,Juguetes,Juguetes,"Juguetes, Squishy, Novedades, Mayoreo",TRUE,Title,Default Title,LL-JUG-001,1000,shopify,100,deny,manual,350.00,450.00,TRUE,TRUE,https://raw.githubusercontent.com/JorgeVexus/Importaciones-llamarada/main/assets/new-trend-4.png,active
lote-24-vasos-foco-neon-fiesta,Lote 24 Vasos Foco Neón con Sorbete y Luz Led,"Divertidos vasos transparentes en forma de bombilla con colores neón radiantes y popote reusable. Perfectos para fiestas, graduaciones y eventos especiales. Lote de 24 piezas.",Importaciones La Llamarada,Juguetes,Juguetes,"Juguetes, Novedades, Fiesta, Mayoreo",TRUE,Title,Default Title,LL-JUG-002,1000,shopify,100,deny,manual,1080.00,1440.00,TRUE,TRUE,https://raw.githubusercontent.com/JorgeVexus/Importaciones-llamarada/main/assets/new-hero-vasos.png,active
caja-30-pop-it-fidget-toys-surtidos,Caja 30 Pop It Fidget Toys Figuras Surtidas Colores Arcoíris,"Juguetes sensoriales burbujeantes de silicona lavable y duradera. Diseños variados de dinosaurios, unicornios y figuras geométricas. Caja con 30 unidades.",Importaciones La Llamarada,Juguetes,Juguetes,"Juguetes, Fidget, Mayoreo",TRUE,Title,Default Title,LL-JUG-003,1000,shopify,100,deny,manual,540.00,720.00,TRUE,TRUE,https://raw.githubusercontent.com/JorgeVexus/Importaciones-llamarada/main/assets/prod-cups.png,active
lote-12-vasos-vidrio-kawaii-perlas-bambu,"Lote 12 Vasos Vidrio Kawaii con Perlas, Popote y Tapa Bambú","Hermosos vasos de borosilicato resistente a bebidas frías y calientes, adornados con relieves de perlas y tapas sustentables de bambú natural. Lote de 12 piezas.",Importaciones La Llamarada,Cocina,Cocina,"Cocina, Termos, Kawaii, Mayoreo",TRUE,Title,Default Title,LL-COC-001,1000,shopify,100,deny,manual,840.00,1080.00,TRUE,TRUE,https://raw.githubusercontent.com/JorgeVexus/Importaciones-llamarada/main/assets/prod-cups.png,active
caja-16-sets-12-utensilios-silicona-cocina,Caja 16 Sets 12 Utensilios Silicona Cocina Antiadherente,Juegos completísimos de cocina con cabezales de silicona resistente al calor (hasta 230°C) y mangos ergonómicos de madera. Incluyen cubeta organizadora. Caja de 16 sets.,Importaciones La Llamarada,Cocina,Cocina,"Cocina, Utensilios, Silicona, Mayoreo",TRUE,Title,Default Title,LL-COC-002,1000,shopify,100,deny,manual,1920.00,2400.00,TRUE,TRUE,https://raw.githubusercontent.com/JorgeVexus/Importaciones-llamarada/main/assets/new-trend-1.png,active
lote-20-molinos-electricos-especias-inox,Lote 20 Molinos Eléctricos de Especias en Acero Inoxidable,Molinillos automáticos de pimienta y sal con núcleo de cerámica ajustable y luz LED integrada. Operables con una sola mano. Lote de 20 piezas.,Importaciones La Llamarada,Cocina,Cocina,"Cocina, Electrodomésticos, Mayoreo",TRUE,Title,Default Title,LL-COC-003,1000,shopify,100,deny,manual,3600.00,4400.00,TRUE,TRUE,https://raw.githubusercontent.com/JorgeVexus/Importaciones-llamarada/main/assets/new-more-5.png,active
caja-24-sets-3-cepillos-limpieza-bano,Caja 24 Sets 3 Cepillos Limpieza Baño Colores Pastel,"Set de cerdas de nylon de alta densidad para limpieza profunda de grietas, ranuras y sanitarios. Mangos antiderrapantes en tonos pastel. Caja de 24 sets.",Importaciones La Llamarada,Artículos de Limpieza,Artículos de Limpieza,"Artículos de Limpieza, Limpieza, Cepillos, Mayoreo",TRUE,Title,Default Title,LL-LIM-001,1000,shopify,100,deny,manual,1080.00,1320.00,TRUE,TRUE,https://raw.githubusercontent.com/JorgeVexus/Importaciones-llamarada/main/assets/prod-limpieza-1.png,active
caja-12-cepillos-premium-acero-inoxidable,Caja 12 Cepillos Premium Acero Inoxidable Base Rosa,Escobillas de baño de lujo con soporte sanitario sellado en acabado rosa mate y mango cromado antioxidante. Caja mayorista de 12 piezas.,Importaciones La Llamarada,Artículos de Limpieza,Artículos de Limpieza,"Artículos de Limpieza, Limpieza, Premium, Mayoreo",TRUE,Title,Default Title,LL-LIM-002,1000,shopify,100,deny,manual,1020.00,1200.00,TRUE,TRUE,https://raw.githubusercontent.com/JorgeVexus/Importaciones-llamarada/main/assets/prod-limpieza-2.png,active
fardo-50-paquetes-panos-microfibra-industrial,Fardo 50 Paquetes Paños Microfibra Industrial Neón,"Paños de microfibra ultrasuaves de 30x30cm, absorbentes y libres de pelusa. Ideales para superficies de cristal, autos y cocina. Fardo mayorista de 50 paquetes.",Importaciones La Llamarada,Artículos de Limpieza,Artículos de Limpieza,"Artículos de Limpieza, Limpieza, Microfibra, Mayoreo",TRUE,Title,Default Title,LL-LIM-003,1000,shopify,100,deny,manual,1125.00,1500.00,TRUE,TRUE,https://raw.githubusercontent.com/JorgeVexus/Importaciones-llamarada/main/assets/prod-limpieza-3.png,active
caja-36-atomizadores-industriales-translucidos,Caja 36 Atomizadores Industriales Translúcidos 1 Litro,Botellas rociadoras de polietileno de alta densidad con boquilla regulable de bruma a chorro directo. Capacidad de 1000ml. Caja de 36 piezas.,Importaciones La Llamarada,Artículos de Limpieza,Artículos de Limpieza,"Artículos de Limpieza, Limpieza, Atomizador, Mayoreo",TRUE,Title,Default Title,LL-LIM-004,1000,shopify,100,deny,manual,648.00,864.00,TRUE,TRUE,https://raw.githubusercontent.com/JorgeVexus/Importaciones-llamarada/main/assets/prod-limpieza-4.png,active
lote-30-baberos-silicon-ajustables-pastel,Lote 30 Baberos Silicón Ajustables Impermeables Tonos Pastel,Baberos con recogedor de migajas profundo fabricados en silicona de grado alimenticio 100% libre de BPA. Fáciles de enrollar y limpiar. Lote mayorista de 30 piezas.,Importaciones La Llamarada,Bebés,Bebés,"Bebés, Baberos, Silicón, Mayoreo",TRUE,Title,Default Title,LL-BEB-001,1000,shopify,100,deny,manual,1050.00,1350.00,TRUE,TRUE,https://raw.githubusercontent.com/JorgeVexus/Importaciones-llamarada/main/assets/prod-bibs.png,active
caja-24-morderas-silicona-grado-alimenticio,Caja 24 Morderas de Silicona Grado Alimenticio con Estuche,Mordederas de dentición con texturas estimulantes para encías infantiles. Incluyen estuche protector transparente. Caja de 24 piezas.,Importaciones La Llamarada,Bebés,Bebés,"Bebés, Morderas, Mayoreo",TRUE,Title,Default Title,LL-BEB-002,1000,shopify,100,deny,manual,600.00,780.00,TRUE,TRUE,https://raw.githubusercontent.com/JorgeVexus/Importaciones-llamarada/main/assets/new-more-3.png,active
lote-15-aspiradores-nasales-electricos-bebe,Lote 15 Aspiradores Nasales Eléctricos para Bebé,"Extractores de mucosidad infantil con 3 niveles de succión suave, música relajante y boquillas de silicona lavable. Lote mayorista de 15 piezas.",Importaciones La Llamarada,Bebés,Bebés,"Bebés, Cuidado Bebé, Mayoreo",TRUE,Title,Default Title,LL-BEB-003,1000,shopify,100,deny,manual,2100.00,2700.00,TRUE,TRUE,https://raw.githubusercontent.com/JorgeVexus/Importaciones-llamarada/main/assets/prod-brushes.png,active
caja-48-paquetes-botanas-surtidas-250g,Caja 48 Paquetes Botanas Surtidas 250g,Mix de botanas crujientes saladas y enchiladas en empaques de sellado hermético para mantener frescura. Caja mayorista de 48 paquetes.,Importaciones La Llamarada,Abarrotes,Abarrotes,"Abarrotes, Snacks, Botanas, Mayoreo",TRUE,Title,Default Title,LL-ABA-001,1000,shopify,100,deny,manual,720.00,960.00,TRUE,TRUE,https://raw.githubusercontent.com/JorgeVexus/Importaciones-llamarada/main/assets/new-more-1.png,active
caja-24-frascos-mermelada-artesanal-350g,Caja 24 Frascos Mermelada Artesanal Surtida 350g,"Mermeladas de fruta natural baja en azúcar en sabores Fresa, Zarzamora, Durazno y Mango-Chipotle. Caja de 24 frascos de vidrio de 350g.",Importaciones La Llamarada,Abarrotes,Abarrotes,"Abarrotes, Alimentos, Mayoreo",TRUE,Title,Default Title,LL-ABA-002,1000,shopify,100,deny,manual,768.00,960.00,TRUE,TRUE,https://raw.githubusercontent.com/JorgeVexus/Importaciones-llamarada/main/assets/prod-candles.png,active
lote-30-cajas-te-organico-sabores-surtidos,Lote 30 Cajas Té Orgánico Sabores Surtidos 20 sobres,"Infusiones herbales orgánicas en sobres individuales compostables. Variedades de Manzanilla-Lavanda, Té Verde-Menta y Jengibre-Limón. Lote de 30 cajas.",Importaciones La Llamarada,Abarrotes,Abarrotes,"Abarrotes, Bebidas, Té, Mayoreo",TRUE,Title,Default Title,LL-ABA-003,1000,shopify,100,deny,manual,840.00,1050.00,TRUE,TRUE,https://raw.githubusercontent.com/JorgeVexus/Importaciones-llamarada/main/assets/new-more-4.png,active